province,specialism,DP1_norm,DP2_norm,DP3_norm,SP1_norm,SP2_norm,SP3_norm,AS1_norm,AS2_norm,AS3_norm,DP,SP,AS,CGI,incomplete_AS
Drenthe,Audiology,0.02340771214380381,0.50139648165789,0.01406227599198218,0.08045535279339024,0.7667247149948665,0.08145576735008174,NA,NA,NA,0.17962215659789196,0.3095452783794462,NA,0.24458371748866908,TRUE
Drenthe,Cardiology,0.6973896347174495,0.6448484084388942,0.01406227599198218,0.07518953936192567,0.7718314015227681,0.07745374741195045,0.20001554122309423,0.2600539375751921,0.6642415338196711,0.45210010638277537,0.3081582294322147,0.37477033753931915,0.3783428911181031,FALSE
Drenthe,Cardiothoracic Surgery,0.01289217559741093,0.5492137905848914,0.01406227599198218,0.08045535279339024,0.7667247149948665,0.08145576735008178,0,0.04465873668629226,0.9460574011832584,0.19205608072476152,0.3095452783794462,0.33023871262318355,0.2772800239091304,FALSE
Drenthe,Clinical Genetics,0.01582229800890472,0.405761863803887,0.01406227599198218,0.08045535279339024,0.7667247149948665,0.0814557673500817,NA,NA,NA,0.14521547926825798,0.3095452783794461,NA,0.22738037882385204,TRUE
Drenthe,Dermatology & Allergology,0.5092418607436557,0.4296705182673878,0.01406227599198218,0.08045535279339024,0.7667247149948665,0.0814557673500817,0.6404174573055029,0.5529671631061664,0.6642415338196711,0.3176582183343419,0.3095452783794461,0.6192087180771134,0.4154707382636338,FALSE
Drenthe,ENT,0.40787690457238707,0.405761863803887,0.01406227599198218,0.08045535279339024,0.7667247149948665,0.08145576735008178,0.8177406997531285,0.9633761925704378,0.734695500660568,0.27590034812275205,0.3095452783794462,0.8386041309947115,0.4746832524989699,FALSE
Drenthe,Gastroenterology & Hepatology,0.30941633573497035,0.47748782719438915,0.01406227599198218,0.08045535279339024,0.7667247149948665,0.08145576735008174,0.8965415311853384,0.6814089105080856,0.734695500660568,0.2669888129737806,0.3095452783794462,0.770881980784664,0.44913869071263024,FALSE
Drenthe,General & Trauma Surgery,0.6983363179306988,0.45357917273088855,0.01406227599198218,0.08045535279339024,0.7667247149948665,0.08145576735008174,0.5412348562253686,0.9060404703093176,0.5233336001378774,0.38865925555118985,0.3095452783794462,0.6568696422241879,0.4516913920516079,FALSE
Drenthe,Geriatrics & Elderly Care,0.07128139032682682,0.8839349530739015,0.01406227599198218,0.08045535279339024,0.7667247149948665,0.08145576735008174,0.7621797185131722,0.542097326474474,0.734695500660568,0.32309287313090346,0.3095452783794462,0.6796575152160713,0.43743188890880697,FALSE
Drenthe,Gynecology & Obstetrics,0.45745645075909025,0.2144926280958813,0.01406227599198218,0.08045535279339024,0.7667247149948665,0.0814557673500817,0.7650351953237559,0.5829456331939907,0.6642415338196711,0.22867045161565125,0.3095452783794461,0.6707407874458059,0.4029855058136344,FALSE
Drenthe,Internal Medicine,0.9926100374394808,0.50139648165789,0.01406227599198218,0.08045535279339024,0.7667247149948665,0.08145576735008174,0.6105369492579066,0.5717363468486981,0.734695500660568,0.5026895983631177,0.3095452783794462,0.6389895989223909,0.4837414918883183,FALSE
Drenthe,Neurology & Neurosurgery,0.45893208172886846,0.5731224450483922,0.01406227599198218,0.08045535279339024,0.7667247149948665,0.08145576735008178,0.865783688133412,0.7429542775239261,0.734695500660568,0.3487056009230809,0.3095452783794462,0.7811444887726354,0.47979845602505417,FALSE
Drenthe,Oncology & Radiotherapy,0.04335929064051069,0.50139648165789,0.01406227599198218,0.08045535279339024,0.7667247149948665,0.08145576735008174,NA,NA,NA,0.18627268276346096,0.3095452783794462,NA,0.24790898057145355,TRUE
Drenthe,Ophthalmology,0.610005259475049,0.5970310995118927,0.01406227599198218,0.08045535279339024,0.7667247149948665,0.08145576735008174,0.786836935166994,0.5782888578487375,0.45287963329698055,0.40703287832630797,0.3095452783794462,0.606001808770904,0.44085998849221936,FALSE
Drenthe,Orthopedics,0.4131411066149938,0.6209397539753935,0.01406227599198218,0.08045535279339024,0.7667247149948665,0.08145576735008174,0.4785882352941177,0.5977745464450734,0.6642415338196711,0.34938104552745647,0.3095452783794462,0.5802014385196208,0.41304258747550787,FALSE
Drenthe,Pain Management & Anaesthesiology,0.1190015771539152,0.47748782719438915,0.01406227599198218,0.08045535279339024,0.7667247149948665,0.08145576735008174,0.7231734192235972,0.5004407355954491,0.734695500660568,0.2035172267800955,0.3095452783794462,0.6527698851598714,0.38861079677313776,FALSE
Drenthe,Pediatrics,0.2827469828638569,0.02322339238787553,0.01406227599198218,0.08045535279339024,0.7667247149948665,0.08145576735008174,0.6940750983937879,0.40880289841231326,0.734695500660568,0.10667755041457154,0.3095452783794462,0.6125244991555564,0.3429157759831914,FALSE
Drenthe,Plastic & Reconstructive Surgery,0.13028365137006526,0.405761863803887,0.01406227599198218,0.08045535279339024,0.7667247149948665,0.08145576735008174,0.6822182675195998,0.7875981152876957,0.734695500660568,0.18336926372197815,0.3095452783794462,0.7348372944892878,0.409250612196904,FALSE
Drenthe,Psychiatry & Mental Health,0.00327506899368906,0.3579445548768856,0.01406227599198218,0.7330007154922764,1,0.7011427679934786,0,0.2047871834743974,0.8756034343423618,0.1250939666208523,0.8113811611619184,0.3601302059389197,0.4682375638913853,TRUE
Drenthe,Pulmonology,0.3668988485324733,0.5492137905848914,0.01406227599198218,0.08045535279339024,0.7667247149948665,0.0814557673500817,0.7565740838525716,0.8753224812772629,0.734695500660568,0.31005830503644893,0.3095452783794461,0.788864021930134,0.46948920178200976,FALSE
Drenthe,Radiology & Interventional Radiology,2.4981870591245437e-4,0.45357917273088855,0.01406227599198218,0.08045535279339024,0.7667247149948665,0.08145576735008174,0.36790376998679775,0.6601097416556087,0.734695500660568,0.1559637558095944,0.3095452783794462,0.5875696707676581,0.3510262349855662,FALSE
Drenthe,Rehabilitation Medicine,0.10846260330467004,0.50139648165789,0.01406227599198218,0.08045535279339024,0.7667247149948665,0.08145576735008174,0.647166955017301,0.7383433730163173,0.734695500660568,0.2079737869848474,0.3095452783794462,0.7067352762313955,0.4080847805318964,FALSE
Drenthe,Rheumatology,0.16249293925851838,0.5253051361213906,0.01406227599198218,0.08045535279339024,0.7667247149948665,0.08145576735008174,0.4561824729891958,0.2024285343982147,0.8051494675014649,0.23395345045729707,0.3095452783794462,0.4879201582962918,0.3438062957110117,FALSE
Drenthe,Sports Medicine & Other,0.0154330549595736,0.31012724594988417,0.01406227599198218,0.08045535279339024,0.7667247149948665,0.08145576735008174,NA,NA,NA,0.11320752563381331,0.3095452783794462,NA,0.21137640200662974,TRUE
Drenthe,Urology,0.3184980608127528,0.5492137905848914,0.01406227599198218,0.08045535279339024,0.7667247149948665,0.08145576735008174,0.7697678477919357,1,0.734695500660568,0.29392470912987545,0.3095452783794462,0.8348211161508345,0.4794303678867187,FALSE
Flevoland,Audiology,0.02205389762728534,0.571035509813549,1,0.00373347237274715,0.8279597876249633,0.00232487687622748,NA,NA,NA,0.5310298024802781,0.278006045624646,NA,0.404517924052462,TRUE
Flevoland,Cardiology,0.6639053839442365,0.7318971936334682,1,0,0.8329864245779398,0,0.20233547964640403,0.16192694974724134,0.7037386394013384,0.7986008591925682,0.27766214152597996,0.35600035626499454,0.47742111899451417,FALSE
Flevoland,Cardiothoracic Surgery,0.01203966351259366,0.6246560710868555,1,0.00373347237274715,0.8279597876249633,0.0023248768762275,NA,NA,NA,0.5455652448664831,0.278006045624646,NA,0.4117856452455645,TRUE
Flevoland,Clinical Genetics,0.01483009951972914,0.46379438726693634,1,0.00373347237274715,0.8279597876249633,0.00232487687622746,NA,NA,NA,0.4928748289288885,0.278006045624646,NA,0.38544043727676724,TRUE
Flevoland,Dermatology & Allergology,0.4847270939521788,0.49060466790358953,1,0.00373347237274715,0.8279597876249633,0.00232487687622748,0.2191733836391699,0,0.6255454572456342,0.6584439206185895,0.278006045624646,0.28157294696160134,0.4060076377349456,FALSE
Flevoland,ENT,0.388194463625032,0.46379438726693634,1,0.00373347237274715,0.8279597876249633,0.0023248768762275,0.38777268810376886,0.13465003253636382,0.4691590929342256,0.6173296169639895,0.278006045624646,0.3305272711914527,0.40862097792669605,FALSE
Flevoland,Gastroenterology & Hepatology,0.2944277610841298,0.5442252291768959,1,0.00373347237274715,0.8279597876249633,0.00232487687622748,0.2223633319863765,0.06531600530772781,0.5473522750899299,0.6128843300870086,0.278006045624646,0.2783438707946781,0.38974474883544424,FALSE
Flevoland,General & Trauma Surgery,0.6648069363555759,0.5174149485402427,1,0.00373347237274715,0.8279597876249633,0.0023248768762275,0.18107416879795396,0.1536606569318791,0,0.7274072949652729,0.278006045624646,0.11157827524327768,0.3723305386110655,FALSE
Flevoland,Geriatrics & Elderly Care,0.06764531553935123,1,1,0.00373347237274715,0.8279597876249633,0.0023248768762275,0.9920508744038156,0.495370158597928,0.9383181858684512,0.6892151051797838,0.278006045624646,0.8085797396233981,0.5919336301426092,FALSE
Flevoland,Gynecology & Obstetrics,0.435410426464715,0.24931214217371084,1,0.00373347237274715,0.8279597876249633,0.00232487687622748,0.4498925415903845,0.1210366078909916,0.7819318215570427,0.561574189546142,0.278006045624646,0.45095365701280626,0.43017796406119807,FALSE
Flevoland,Internal Medicine,0.945051877539574,0.571035509813549,1,0.00373347237274715,0.8279597876249633,0.00232487687622748,0.2060154378493479,0.05686978360198443,0.3909659107785214,0.8386957957843744,0.278006045624646,0.21795037740995124,0.4448840729396572,FALSE
Flevoland,Neurology & Neurosurgery,0.43681571034472,0.6514663517235086,1,0.00373347237274715,0.8279597876249633,0.00232487687622748,0.6320918900104421,0.199028368414124,0.6255454572456342,0.6960940206894096,0.278006045624646,0.4855552385567334,0.486551768290263,FALSE
Flevoland,Oncology & Radiotherapy,0.04105433351966098,0.571035509813549,1,0.00373347237274715,0.8279597876249633,0.00232487687622748,NA,NA,NA,0.53736328111107,0.278006045624646,NA,0.407684663367858,TRUE
Flevoland,Ophthalmology,0.5806868446160037,0.6782766323601618,1,0.00373347237274715,0.8279597876249633,0.00232487687622748,0.5391827872088433,0.28035957971657083,0.6255454572456342,0.7529878256587219,0.278006045624646,0.48169594139034944,0.5042299375579058,FALSE
Flevoland,Orthopedics,0.3932077077376005,0.705086912996815,1,0.00373347237274715,0.8279597876249633,0.00232487687622748,0.073334859235523,0.07003258271169305,0.31277272862281713,0.6994315402448051,0.278006045624646,0.1520467235233444,0.3764947697975985,FALSE
Flevoland,Pain Management & Anaesthesiology,0.11309055941967566,0.5442252291768959,1,0.00373347237274715,0.8279597876249633,0.0023248768762275,0.40522875816993464,0.2180458399633229,0.7037386394013384,0.5524385961988572,0.278006045624646,0.44233774584486535,0.4242607958894562,FALSE
Flevoland,Pediatrics,0.2690298042456585,0.03482989708048539,1,0.00373347237274715,0.8279597876249633,0.00232487687622748,0.4021887824897401,0.19431364849801736,0.7819318215570427,0.43461990044204796,0.278006045624646,0.4594780841816,0.39070134341609797,FALSE
Flevoland,Plastic & Reconstructive Surgery,0.1238347883994712,0.46379438726693634,1,0.00373347237274715,0.8279597876249633,0.0023248768762275,0.09077809798270894,0.1579432140766627,0.3909659107785214,0.5292097252221358,0.278006045624646,0.2132290742792977,0.34014828170869316,FALSE
Flevoland,Psychiatry & Mental Health,0.00288102889507103,0.4101738259936299,1,0.8609643570415946,0.26630639114360954,0.5142106794976647,NA,NA,NA,0.4710182849629003,0.5471604758942896,NA,0.509089380428595,TRUE
Flevoland,Pulmonology,0.3491699359712892,0.6246560710868555,1,0.00373347237274715,0.8279597876249633,0.00232487687622748,0.5160331280526651,0.27201052141530174,0.6255454572456342,0.6579420023527148,0.278006045624646,0.4711963689045337,0.4690481389606315,FALSE
Flevoland,Radiology & Interventional Radiology,0,0.5174149485402427,1,0.00373347237274715,0.8279597876249633,0.00232487687622748,0.39775419800144224,0.5337029813041549,0.7819318215570427,0.5058049828467476,0.278006045624646,0.5711296669542133,0.4516468984752023,FALSE
Flevoland,Rehabilitation Medicine,0.10305400531810134,0.571035509813549,1,0.00373347237274715,0.8279597876249633,0.0023248768762275,0.3760307861462342,0.38117339813683626,0.860125003712747,0.5580298383772168,0.278006045624646,0.5391097293319391,0.45838187111126727,FALSE
Flevoland,Rheumatology,0.15450857743148372,0.5978457904502023,1,0.00373347237274715,0.8279597876249633,0.00232487687622748,0.405665253799235,0.1931904940948456,0.7819318215570427,0.5841181226272286,0.278006045624646,0.46026252315037447,0.4407955638007497,FALSE
Flevoland,Sports Medicine & Other,0.01445941267875616,0.3565532647203236,1,0.00373347237274715,0.8279597876249633,0.00232487687622748,NA,NA,NA,0.4570042257996933,0.278006045624646,NA,0.36750513571216964,TRUE
Flevoland,Urology,0.303076537177764,0.6246560710868555,1,0.00373347237274715,0.8279597876249633,0.0023248768762275,0.5824612053410321,0.22117702700257208,0.7819318215570427,0.6425775360882066,0.278006045624646,0.5285233513002155,0.48303564433768936,FALSE
Fryslân,Audiology,0.02308868952709528,0.4373603574268748,0.19140740764814487,0.22833805891062767,0.807299647907756,0.263990705826963,NA,NA,NA,0.21728548486737165,0.43320947088178224,NA,0.325247477874577,TRUE
Fryslân,Cardiology,0.6894991643687742,0.5648032531501254,0.19140740764814487,0.22959056585779372,0.8105532140074877,0.2689489049307122,0.4009268256222438,0.5272051642140202,0.6941464595752996,0.4819032750556815,0.4363642282653313,0.5407594831371879,0.4863423288194002,FALSE
Fryslân,Cardiothoracic Surgery,0.01269128350122226,0.4798413226679583,0.19140740764814487,0.22833805891062767,0.807299647907756,0.263990705826963,0.342560553633218,0.4594746847511444,0.9090563985412036,0.22798000460577517,0.43320947088178224,0.5703638789751887,0.4105177848209154,FALSE
Fryslân,Clinical Genetics,0.01558848920094109,0.3523984269447078,0.19140740764814487,0.22833805891062767,0.807299647907756,0.2639907058269629,NA,NA,NA,0.18646477459793123,0.4332094708817822,NA,0.3098371227398567,TRUE
Fryslân,Dermatology & Allergology,0.503465024290514,0.37363890956524953,0.19140740764814487,0.22833805891062767,0.807299647907756,0.2639907058269629,0.5492227979274611,0.408601337381311,0.53296400535087185,0.3561704471679695,0.4332094708817822,0.4969293802198813,0.42876976608987766,FALSE
Fryslân,ENT,0.40323879223305126,0.3523984269447078,0.19140740764814487,0.22833805891062767,0.807299647907756,0.263990705826963,0.7522281639928698,0.5355150168059464,0.6941464595752996,0.3156815422753013,0.43320947088178224,0.6606298801247052,0.46984029776059627,FALSE
Fryslân,Gastroenterology & Hepatology,0.3058843199030386,0.416119874806333,0.19140740764814487,0.22833805891062767,0.807299647907756,0.263990705826963,0.5463160590796551,0.3837346262500355,0.6404189748338237,0.3044705341191722,0.43320947088178224,0.5234898867211714,0.4203899639073752,FALSE
Fryslân,General & Trauma Surgery,0.6904352126343674,0.3948793921857913,0.19140740764814487,0.22833805891062767,0.807299647907756,0.26399070582696305,0.5351193942923704,0.4157694574479924,0.4255090358679198,0.4255740041561012,0.43320947088178224,0.4587992958694276,0.4391942569691037,FALSE
Fryslân,Geriatrics & Elderly Care,0.07042455943965961,0.7772080793555429,0.19140740764814487,0.22833805891062767,0.807299647907756,0.263990705826963,0.7879616963064295,0.6109401573343467,0.7478739443167757,0.34634668214778247,0.43320947088178224,0.7155919326525173,0.4983826952273607,FALSE
Fryslân,Gynecology & Obstetrics,0.4522613665931306,0.1824745659803737,0.19140740764814487,0.22833805891062767,0.807299647907756,0.2639907058269629,0.4870848708487085,0.14652852299369962,0.47923652060939587,0.2753811134072164,0.4332094708817822,0.37094997148393466,0.35984685192431104,FALSE
Fryslân,Internal Medicine,0.9814030896397716,0.4373603574268748,0.19140740764814487,0.22833805891062767,0.807299647907756,0.263990705826963,0.3461355842785545,0.1439393948820749,0.6941464595752996,0.5367236182382638,0.43320947088178224,0.39474047957864306,0.4548911895662297,FALSE
Fryslân,Neurology & Neurosurgery,0.45372042046731453,0.5010818052885001,0.19140740764814487,0.22833805891062767,0.807299647907756,0.263990705826963,0.8262387328713593,0.4115462307379794,0.6404189748338237,0.38206987780131985,0.43320947088178224,0.6260679794810541,0.4804491093880521,FALSE
Fryslân,Oncology & Radiotherapy,0.04281613392064817,0.4373603574268748,0.19140740764814487,0.22833805891062767,0.807299647907756,0.263990705826963,NA,NA,NA,0.2238612996652226,0.43320947088178224,NA,0.32853538527350246,TRUE
Fryslân,Ophthalmology,0.6030964567461995,0.5223222879090418,0.19140740764814487,0.22833805891062767,0.807299647907756,0.263990705826963,0.9337005705292152,0.4942679278538432,0.6941464595752996,0.4389420507677954,0.43320947088178224,0.7073716526527859,0.5265077247674546,FALSE
Fryslân,Orthopedics,0.4084438567390548,0.5435627705295836,0.19140740764814487,0.22833805891062767,0.807299647907756,0.263990705826963,0.554727829124293,0.476841445235187,0.5866914900923478,0.38113801163892774,0.43320947088178224,0.539420254817276,0.45125591244599533,FALSE
Fryslân,Pain Management & Anaesthesiology,0.11760866230333653,0.416119874806333,0.19140740764814487,0.22833805891062767,0.807299647907756,0.263990705826963,0.4857685009487666,0.6244102152309515,0.6941464595752996,0.24171198158593812,0.43320947088178224,0.6014417252516725,0.42545439257313095,FALSE
Fryslân,Pediatrics,0.2795145679626711,0.01255070501603967,0.19140740764814487,0.22833805891062767,0.807299647907756,0.263990705826963,0.6576207479797032,0.32398133386206035,0.7478739443167757,0.1611575602089519,0.43320947088178224,0.576492008719513,0.3902863466034157,FALSE
Fryslân,Plastic & Reconstructive Surgery,0.12876399478892267,0.3523984269447078,0.19140740764814487,0.22833805891062767,0.807299647907756,0.26399070582696305,0.606860780384298,0.6176627593409405,0.53296400535087185,0.22418994312725846,0.43320947088178224,0.5858291816920368,0.4144095319003592,FALSE
Fryslân,Psychiatry & Mental Health,0.00318221454293868,0.30991746170362433,0.19140740764814487,0.7653731028161075,0.5799144732732361,0.5607398827934015,1,0.9776064662918176,0.8553289137997275,0.16816902796490263,0.6353424862942484,0.9443117933638483,0.4017557571295755,TRUE
Fryslân,Pulmonology,0.3627210797113716,0.4798413226679583,0.19140740764814487,0.22833805891062767,0.807299647907756,0.2639907058269629,0.5086342229199372,0.2511742023439218,0.6941464595752996,0.3446566033424916,0.4332094708817822,0.4846516282797196,0.4208392341679978,FALSE
Fryslân,Radiology & Interventional Radiology,1.90949624298612e-4,0.3948793921857913,0.19140740764814487,0.22833805891062767,0.807299647907756,0.2639907058269629,0.24302258455955988,0.4465146534411456,0.6941464595752996,0.19549258315274495,0.4332094708817822,0.46122789919200163,0.36330998440884293,FALSE
Fryslân,Rehabilitation Medicine,0.10718808226700464,0.4373603574268748,0.19140740764814487,0.22833805891062767,0.807299647907756,0.263990705826963,0.6320109439124487,0.6530087424412301,0.8553289137997275,0.2453186157806748,0.43320947088178224,0.7134495333844688,0.46399254001564194,FALSE
Fryslân,Rheumatology,0.16061144665245683,0.4586008400474166,0.19140740764814487,0.22833805891062767,0.807299647907756,0.263990705826963,0.8349913494809689,0.8467808004452408,0.6941464595752996,0.27020656478267274,0.43320947088178224,0.7919728698338364,0.49846296849943045,FALSE
Fryslân,Sports Medicine & Other,0.01520361887037932,0.26743649646254075,0.19140740764814487,0.22833805891062767,0.807299647907756,0.263990705826963,NA,NA,NA,0.1580158409936883,0.43320947088178224,NA,0.2956126559377353,TRUE
Fryslân,Urology,0.31486402175966405,0.4798413226679583,0.19140740764814487,0.22833805891062767,0.807299647907756,0.26399070582696305,0.6043586109142453,0.32969870916949084,0.53296400535087185,0.32870425069192244,0.43320947088178224,0.48900710847820267,0.41697361001730243,FALSE
Gelderland,Audiology,0.02292888535968687,0.4534881668091363,0.36094933611634217,0.17128207151682004,0.5062168028474637,0.15910887177556782,NA,NA,NA,0.27912212942838843,0.27886924871328383,NA,0.27899568907083616,TRUE
Gelderland,Cardiology,0.6855466858343673,0.5849630148779522,0.36094933611634217,0.17005119328525573,0.5133618400012906,0.15786554514027326,0.3747859799657568,0.643591996357186,0.7688408476618231,0.5438196789428872,0.2804261928089399,0.595739607994922,0.47332849324891635,FALSE
Gelderland,Cardiothoracic Surgery,0.01259065303651858,0.4973131161654082,0.36094933611634217,0.17128207151682004,0.5062168028474637,0.15910887177556782,0,0.17466363339059174,1,0.290284368439423,0.27886924871328383,0.3915545444635306,0.32023605387207915,FALSE
Gelderland,Clinical Genetics,0.01547137016319112,0.3658382680965923,0.36094933611634217,0.17128207151682004,0.5062168028474637,0.15910887177556776,NA,NA,NA,0.24741965812537522,0.27886924871328383,NA,0.2631444534193295,TRUE
Gelderland,Dermatology & Allergology,0.5005713029952231,0.3877507427747283,0.36094933611634217,0.17128207151682004,0.5062168028474637,0.15910887177556776,0.6151651737319563,0.5375792722953804,0.6037271674202683,0.41642379396209783,0.27886924871328383,0.5854905378158684,0.42692786016375,FALSE
Gelderland,ENT,0.4009154783301644,0.3658382680965923,0.36094933611634217,0.17128207151682004,0.5062168028474637,0.15910887177556784,0.5517189803636675,0.3531926336541514,0.6532612714927348,0.3759010275143663,0.2788692487132839,0.5193909618368512,0.39138707935483374,FALSE
Gelderland,Gastroenterology & Hepatology,0.30411506963759155,0.4315756921310002,0.36094933611634217,0.17128207151682004,0.5062168028474637,0.15910887177556776,0.764878109881163,0.5481927999683525,0.7523294796376676,0.3655466992949779,0.27886924871328383,0.6884667964957277,0.4442942481679965,FALSE
Gelderland,General & Trauma Surgery,0.6864774068633739,0.4096632174528643,0.36094933611634217,0.17128207151682004,0.5062168028474637,0.15910887177556782,0.3568244902316644,0.3587476631033576,0.38907938310624707,0.48569665347752683,0.27886924871328383,0.3682171788137563,0.37759436033485566,FALSE
Gelderland,Geriatrics & Elderly Care,0.06999535743528047,0.804087761659312,0.36094933611634217,0.17128207151682004,0.5062168028474637,0.15910887177556784,0.46650519031141874,0.20501322364581812,0.8183749517342896,0.41167748507031154,0.2788692487132839,0.4966311218971755,0.3957259518935903,FALSE
Gelderland,Gynecology & Obstetrics,0.44965905548326873,0.19053847067150445,0.36094933611634217,0.17128207151682004,0.5062168028474637,0.15910887177556782,0.7200084756736395,0.5172870714989046,0.7027953755652012,0.3337156207570384,0.27886924871328383,0.6466969742459151,0.41976061457207914,FALSE
Gelderland,Internal Medicine,0.975789327892095,0.4534881668091363,0.36094933611634217,0.17128207151682004,0.5062168028474637,0.15910887177556782,0.7097529749203546,0.6077220623441068,0.7688408476618231,0.5967422769391911,0.27886924871328383,0.6954386283087614,0.5236833846537454,FALSE
Gelderland,Neurology & Neurosurgery,0.4511098055920745,0.5192255908435442,0.36094933611634217,0.17128207151682004,0.5062168028474637,0.15910887177556782,0.7864780958951363,0.4334747888696428,0.6862840075410458,0.4437615775173203,0.27886924871328383,0.635412297435275,0.45268104122195973,FALSE
Gelderland,Oncology & Radiotherapy,0.04254405694916118,0.4534881668091363,0.36094933611634217,0.17128207151682004,0.5062168028474637,0.15910887177556782,NA,NA,NA,0.28566051995821323,0.27886924871328383,NA,0.28226488433574853,TRUE
Gelderland,Ophthalmology,0.5996357131811705,0.5411380655216802,0.36094933611634217,0.17128207151682004,0.5062168028474637,0.15910887177556776,0.5728349334762903,0.29158099920710706,0.6532612714927348,0.5005743716063976,0.27886924871328383,0.50589240139204406,0.4284453405705752,FALSE
Gelderland,Orthopedics,0.4060909197802951,0.5630505401998162,0.36094933611634217,0.17128207151682004,0.5062168028474637,0.15910887177556782,0.3156721548258071,0.3620962077507171,0.6697726395168904,0.4433635986988178,0.27886924871328383,0.4491803340311382,0.39047106048107993,FALSE
Gelderland,Pain Management & Anaesthesiology,0.11691092619840412,0.4315756921310002,0.36094933611634217,0.17128207151682004,0.5062168028474637,0.15910887177556782,0.6332975146452217,0.6089196272639205,0.7358181116135122,0.3031453181485822,0.27886924871328383,0.6593450845075514,0.41378655045647245,FALSE
Gelderland,Pediatrics,0.2778953931927692,0.01523867324641659,0.36094933611634217,0.17128207151682004,0.5062168028474637,0.15910887177556782,0.6200274348422496,0.7309680544086761,0.8018635837101342,0.21802780085184267,0.27886924871328383,0.7176196909870199,0.40483891351738216,FALSE
Gelderland,Plastic & Reconstructive Surgery,0.1280027714712728,0.3658382680965923,0.36094933611634217,0.17128207151682004,0.5062168028474637,0.15910887177556782,0.4530198786463226,0.453966146087512,0.6697726395168904,0.2849301252280691,0.27886924871328383,0.5255862214169084,0.3631285317860871,FALSE
Gelderland,Psychiatry & Mental Health,0.00313570207825695,0.3220133187403204,0.36094933611634217,0.8193313026621557,0.3839343918893221,0.8586081527044491,0.9154411764705884,0.5143382116654869,0.9009317918550672,0.22869945231163982,0.6872912824186423,0.7769037266637141,0.45799536736514107,TRUE
Gelderland,Pulmonology,0.36062836015760114,0.4973131161654082,0.36094933611634217,0.17128207151682004,0.5062168028474637,0.15910887177556776,0.827970173985087,0.6207799616858954,0.8183749517342896,0.4062969374797838,0.27886924871328383,0.755708362468424,0.4802915162204972,FALSE
Gelderland,Radiology & Interventional Radiology,1.6146104235900268e-4,0.4096632174528643,0.36094933611634217,0.17128207151682004,0.5062168028474637,0.15910887177556782,0.26783397182402374,0.4260380899278537,0.7027953755652012,0.2569246715371885,0.27886924871328383,0.4655558124390262,0.3337832442298329,FALSE
Gelderland,Rehabilitation Medicine,0.10654965175267306,0.4534881668091363,0.36094933611634217,0.17128207151682004,0.5062168028474637,0.15910887177556782,0.4142678347934919,0.4410075009337928,0.6862840075410458,0.3069957182260505,0.27886924871328383,0.5138531144227768,0.36657269378737034,FALSE
Gelderland,Rheumatology,0.1596689731610822,0.47540064148727224,0.36094933611634217,0.17128207151682004,0.5062168028474637,0.15910887177556782,0.669683257918552,0.39270011085638057,0.7853522156859787,0.3320063169215655,0.27886924871328383,0.6159118614869704,0.4089291423739399,FALSE
Gelderland,Sports Medicine & Other,0.01508869020611903,0.2781883693840484,0.36094933611634217,0.17128207151682004,0.5062168028474637,0.15910887177556782,NA,NA,NA,0.21807546523550317,0.27886924871328383,NA,0.24847235697439352,TRUE
Gelderland,Urology,0.3130436662275073,0.4973131161654082,0.36094933611634217,0.17128207151682004,0.5062168028474637,0.15910887177556776,0.7027185376142489,0.45295261407032145,0.7358181116135122,0.39043537283641916,0.27886924871328383,0.6304964210993608,0.4332670142163546,FALSE
Groningen,Audiology,0.02277444871791336,0.3909775165394965,0.34986616757534683,0.10882899165512044,0.06079730321112851,0.10359256571730507,NA,NA,NA,0.2545393776109189,0.09107295352785134,NA,0.1728061655693851,TRUE
Groningen,Cardiology,0.6817269637242693,0.5068247020409025,0.34986616757534683,0.1008627240832559,0.08056382483616722,0.08959111744637707,0.3436907020872865,0.7249286305317231,0.7205174744420803,0.5128059444468396,0.09033922212193339,0.59637893568703,0.399841367418601,FALSE
Groningen,Cardiothoracic Surgery,0.01249340256251044,0.4295932450399651,0.34986616757534683,0.10882899165512044,0.06079730321112851,0.10359256571730507,0,0.5169701045294355,0.8981138105913253,0.2639842717259408,0.09107295352785134,0.47169463837358694,0.2755839545424597,FALSE
Groningen,Clinical Genetics,0.01535818493672812,0.31374605953855916,0.34986616757534683,0.10882899165512044,0.06079730321112851,0.10359256571730505,NA,NA,NA,0.22632347068354472,0.09107295352785133,NA,0.158698212105698,TRUE
Groningen,Dermatology & Allergology,0.4977747764319886,0.3330539237887935,0.34986616757534683,0.10882899165512044,0.06079730321112851,0.10359256571730505,0.436281143039083,0.5681746662110508,0.7205174744420803,0.39356495593204305,0.09107295352785133,0.5749910945640714,0.3532096680079886,FALSE
Groningen,ENT,0.3986702002328132,0.31374605953855916,0.34986616757534683,0.10882899165512044,0.06079730321112851,0.10359256571730512,0.7035542449169642,0.6462748139928471,0.7797162531584951,0.35409414244890636,0.09107295352785134,0.7098484373561021,0.38500517777761994,FALSE
Groningen,Gastroenterology & Hepatology,0.30240524520758005,0.3716696522892622,0.34986616757534683,0.10882899165512044,0.06079730321112851,0.10359256571730507,0.4236945948426172,0.23078889459164711,0.7205174744420803,0.3413136883573964,0.09107295352785134,0.4583336546254482,0.2969067655035653,FALSE
Groningen,General & Trauma Surgery,0.6826525364486873,0.35236178803902785,0.34986616757534683,0.10882899165512044,0.06079730321112851,0.10359256571730507,0.5016080226865861,0.6208813377156843,0.661318695725665,0.4616268306876874,0.09107295352785134,0.5946026853759786,0.38243415653050583,FALSE
Groningen,Geriatrics & Elderly Care,0.06958057153029613,0.6999033445432457,0.34986616757534683,0.10882899165512044,0.06079730321112851,0.10359256571730512,0.8000527565286204,0.8651742265319973,0.7797162531584951,0.37311669454962954,0.09107295352785134,0.8149810787397044,0.4263902422723951,FALSE
Groningen,Gynecology & Obstetrics,0.4471441511777392,0.15928314553668457,0.34986616757534683,0.10882899165512044,0.06079730321112851,0.10359256571730507,0.6867079540696008,0.6606621154505988,0.7205174744420803,0.3187644880965902,0.09107295352785134,0.6892958479874266,0.36637776320395604,FALSE
Groningen,Internal Medicine,0.9703641219910994,0.3909775165394965,0.34986616757534683,0.10882899165512044,0.06079730321112851,0.10359256571730507,0.6945112617537722,0.7462306828724566,0.661318695725665,0.5704026020353142,0.09107295352785134,0.700686880117298,0.4540541452268212,FALSE
Groningen,Neurology & Neurosurgery,0.4485868764292468,0.4489011092901995,0.34986616757534683,0.10882899165512044,0.06079730321112851,0.10359256571730512,0.7973856209150327,0.8279135268044592,0.661318695725665,0.415784717764931,0.09107295352785134,0.7622059478150524,0.42302120636927826,FALSE
Groningen,Oncology & Radiotherapy,0.04228111853859413,0.3909775165394965,0.34986616757534683,0.10882899165512044,0.06079730321112851,0.10359256571730505,NA,NA,NA,0.26104160088447914,0.09107295352785133,NA,0.17605727720616524,TRUE
Groningen,Ophthalmology,0.5962912095747255,0.4682089735404337,0.34986616757534683,0.10882899165512044,0.06079730321112851,0.10359256571730507,0.940121340015827,0.8259032037562792,0.661318695725665,0.4714554502301687,0.09107295352785134,0.8091144131659238,0.4572142723079813,FALSE
Groningen,Orthopedics,0.4038170136105835,0.48751683779066807,0.34986616757534683,0.10882899165512044,0.06079730321112851,0.10359256571730512,0.7506461606144483,0.8606998455846016,0.7797162531584951,0.4137333396588661,0.09107295352785134,0.7970207531191816,0.43394234876863297,FALSE
Groningen,Pain Management & Anaesthesiology,0.1162366257553218,0.3716696522892622,0.34986616757534683,0.10882899165512044,0.06079730321112851,0.10359256571730512,0.38607757513485746,0.4197290507057884,0.7205174744420803,0.2792574818733103,0.09107295352785134,0.5087747000942421,0.29303504516513457,FALSE
Groningen,Pediatrics,0.27633060350071453,0.00482023153480995,0.34986616757534683,0.10882899165512044,0.06079730321112851,0.10359256571730507,0.7582584758041149,0.6162497161634124,0.661318695725665,0.21033900087029042,0.09107295352785134,0.6786089625643975,0.3266736389875131,FALSE
Groningen,Plastic & Reconstructive Surgery,0.12726711623321457,0.31374605953855916,0.34986616757534683,0.10882899165512044,0.06079730321112851,0.10359256571730512,0.2543640897755611,0.5271711875482403,0.7797162531584951,0.26362644778237354,0.09107295352785134,0.5204171768274322,0.2917055260458857,FALSE
Groningen,Psychiatry & Mental Health,0.00309075188100897,0.27513033103809054,0.34986616757534683,0.7790808181914277,0,0.8108184615596759,0.3944636678200692,0.46364743928999136,0.7797162531584951,0.20936241683148213,0.5299664265837012,0.5459424534228519,0.3696644217075917,TRUE
Groningen,Pulmonology,0.35860593117280437,0.4295932450399651,0.34986616757534683,0.10882899165512044,0.06079730321112851,0.10359256571730507,0.6112299465240641,0.5381380578895151,0.7797162531584951,0.37935511459603877,0.09107295352785134,0.6430280858573582,0.37115205132708273,FALSE
Groningen,Radiology & Interventional Radiology,1.3296292720173526e-4,0.35236178803902785,0.34986616757534683,0.10882899165512044,0.06079730321112851,0.10359256571730507,0.1980006859146163,0.2611581879710489,0.661318695725665,0.23412030618052548,0.09107295352785134,0.37349252320377674,0.23289526097071786,FALSE
Groningen,Rehabilitation Medicine,0.10593266493538236,0.3909775165394965,0.34986616757534683,0.10882899165512044,0.06079730321112851,0.10359256571730507,0.5148674854557208,0.7883060225252573,0.661318695725665,0.2822587830167419,0.09107295352785134,0.654830734568881,0.3427208237044914,FALSE
Groningen,Rheumatology,0.1587581556065158,0.4102853807897308,0.34986616757534683,0.10882899165512044,0.06079730321112851,0.10359256571730507,0.5317752100840337,0.35790307815134925,0.7797162531584951,0.30630323465719783,0.09107295352785134,0.5564648471312927,0.317947011772114,FALSE
Groningen,Sports Medicine & Other,0.01497762178256213,0.23651460253762188,0.34986616757534683,0.10882899165512044,0.06079730321112851,0.10359256571730512,NA,NA,NA,0.2004527972985103,0.09107295352785134,NA,0.1457628754131808,TRUE
Groningen,Urology,0.31128445306192287,0.4295932450399651,0.34986616757534683,0.10882899165512044,0.06079730321112851,0.10359256571730507,0.4915032679738562,0.33612648223993463,0.7797162531584951,0.3635812885590783,0.09107295352785134,0.5357820011240954,0.330145414403675,FALSE
Limburg,Audiology,0.02361807853754182,0.4902016587673166,0,0.2118751598857561,0.6507921641836514,0.2081686621455781,NA,NA,NA,0.17127324576828615,0.35694532873832857,NA,0.26410928725330735,TRUE
Limburg,Cardiology,0.7025926821040992,0.6308548798256775,0,0.210378279592372,0.659340291331283,0.20623572223653291,0.274600287738538,0.4166419864381014,0.7964790587798944,0.4444825206432588,0.358651431053396,0.4959071109855113,0.433013687560722,FALSE
Limburg,Cardiothoracic Surgery,0.0130246456593824,0.5370860657867702,0,0.2118751598857561,0.6507921641836514,0.2081686621455781,0.6212931453573165,0.6455654402185925,0.9536449939543664,0.18337023714871756,0.35694532873832857,0.7401678598434253,0.4268278085768238,FALSE
Limburg,Clinical Genetics,0.01597647364780756,0.3964328447284092,0,0.2118751598857561,0.6507921641836514,0.20816866214557803,NA,NA,NA,0.13746977279207226,0.35694532873832846,NA,0.24720755076520035,TRUE
Limburg,Dermatology & Allergology,0.5130511588567485,0.419875048238136,0,0.2118751598857561,0.6507921641836514,0.20816866214557808,0.3292904790782292,0.28381637751188404,0.6078799365705275,0.3109754023649615,0.35694532873832857,0.40699559772021354,0.35830544294116784,FALSE
Limburg,ENT,0.41093531772392006,0.3964328447284092,0,0.2118751598857561,0.6507921641836514,0.2081686621455781,0.63758978739788,0.4019669742236431,0.7650458717449997,0.2691227208174431,0.35694532873832857,0.6015342111221743,0.40920075355931534,FALSE
Limburg,Gastroenterology & Hepatology,0.3117453788631818,0.46675945525758966,0,0.2118751598857561,0.6507921641836514,0.20816866214557803,0.5856343326908339,0.3450375416440481,0.7964790587798944,0.25950161137359046,0.35694532873832846,0.5757169777049255,0.3973879726056148,FALSE
Limburg,General & Trauma Surgery,0.7035463780978503,0.4433172517478629,0,0.2118751598857561,0.6507921641836514,0.2081686621455781,0.294215523147695,0.1957954310025156,0.4821471884309498,0.3822878766152377,0.35694532873832857,0.3240527141937201,0.35442863984909545,FALSE
Limburg,Geriatrics & Elderly Care,0.07184639234968147,0.8652769149229458,0,0.2118751598857561,0.6507921641836514,0.20816866214557816,0.4631606870482128,0.2403158612587325,0.8593454328496832,0.3123744357575424,0.35694532873832857,0.5209406603855428,0.3967534749604713,FALSE
Limburg,Gynecology & Obstetrics,0.4608821361616925,0.20889521665059457,0,0.2118751598857561,0.6507921641836514,0.20816866214557808,0.453721020501782,0.22258851990920409,0.7336126847101054,0.22325911760409567,0.35694532873832857,0.4699740750403638,0.35005950712759604,FALSE
Limburg,Internal Medicine,1,0.4902016587673166,0,0.2118751598857561,0.6507921641836514,0.20816866214557808,0.3997511128129038,0.23801574827414815,0.8279122458147887,0.4967338862557722,0.35694532873832857,0.4885597023006136,0.44741297243157147,FALSE
Limburg,Neurology & Neurosurgery,0.4623686982179711,0.560528269296497,0,0.2118751598857561,0.6507921641836514,0.20816866214557808,0.5851974592653962,0.24039820144719928,0.7964790587798944,0.340965655838156,0.35694532873832857,0.5406915731641634,0.4128675192468827,FALSE
Limburg,Oncology & Radiotherapy,0.04371745308545245,0.4902016587673166,0,0.2118751598857561,0.6507921641836514,0.20816866214557808,NA,NA,NA,0.17797303728425637,0.35694532873832857,NA,0.26745918301129246,TRUE
Limburg,Ophthalmology,0.6145609863702468,0.5839704728062238,0,0.2118751598857561,0.6507921641836514,0.20816866214557803,0.5869260263723931,0.2665025323843814,0.7021794976752109,0.39951048639215686,0.35694532873832846,0.5185360188106618,0.4249972779803824,FALSE
Limburg,Orthopedics,0.4162385155920834,0.6074126763159506,0,0.2118751598857561,0.6507921641836514,0.20816866214557808,0.6246297079983072,0.6546003064545312,0.8279122458147887,0.34121706396934465,0.35694532873832857,0.7023807534225424,0.4668477153767385,FALSE
Limburg,Pain Management & Anaesthesiology,0.1199200777822518,0.46675945525758966,0,0.2118751598857561,0.6507921641836514,0.2081686621455781,0.22392344497607655,0.07690082089750845,0.7336126847101054,0.1955598443466138,0.35694532873832857,0.3448123168612301,0.2991058299820575,FALSE
Limburg,Pediatrics,0.28487846643340187,0.02135758857277996,0,0.2118751598857561,0.6507921641836514,0.20816866214557808,0.4081498521196188,0.15765921386699028,0.8593454328496832,0.10207868500206062,0.35694532873832857,0.4750514996120974,0.31135850445082885,FALSE
Limburg,Plastic & Reconstructive Surgery,0.13128572663981727,0.3964328447284092,0,0.2118751598857561,0.6507921641836514,0.2081686621455781,0.23814633870831095,0.2801328069191141,0.4821471884309498,0.17590619045607547,0.35694532873832857,0.33347544468612494,0.288775654626843,FALSE
Limburg,Psychiatry & Mental Health,0.00333629805684581,0.3495484377089556,0,0.8443790996156616,0.12477736306421726,0.7722421371479253,0.31074168797953966,0.29261646954880044,0.9536449939543664,0.11762824525526715,0.5804661999426014,0.5190010504942355,0.3490472225989343,TRUE
Limburg,Pulmonology,0.3696537070118933,0.5370860657867702,0,0.2118751598857561,0.6507921641836514,0.20816866214557808,0.5312780811502039,0.27490190519726315,0.8279122458147887,0.3022465909328878,0.35694532873832857,0.544697410720752,0.4012964434639894,FALSE
Limburg,Radiology & Interventional Radiology,2.8863750982530313e-4,0.4433172517478629,0,0.2118751598857561,0.6507921641836514,0.2081686621455781,0.2099592312172394,0.15053008410597013,0.7650458717449997,0.14786862975256274,0.35694532873832857,0.37517839568940303,0.29333078472676477,FALSE
Limburg,Rehabilitation Medicine,0.10930303398385874,0.4902016587673166,0,0.2118751598857561,0.6507921641836514,0.20816866214557808,0.2062444094219875,0.2543562066078344,0.7650458717449997,0.1998348975837251,0.35694532873832857,0.4085488292582739,0.32177635186010917,FALSE
Limburg,Rheumatology,0.1637336124699212,0.5136438622770434,0,0.2118751598857561,0.6507921641836514,0.20816866214557803,0.7054910656058432,0.5115208729508592,0.8593454328496832,0.22579249158232154,0.35694532873832846,0.6921191238021285,0.4249523147075928,FALSE
Limburg,Sports Medicine & Other,0.01558434718824104,0.30266403068950193,0,0.2118751598857561,0.6507921641836514,0.20816866214557808,NA,NA,NA,0.10608279262591432,0.35694532873832857,NA,0.23151406068212144,TRUE
Limburg,Urology,0.3208943789741069,0.5370860657867702,0,0.2118751598857561,0.6507921641836514,0.20816866214557808,0.5443630597296685,0.3065828643193455,0.7650458717449997,0.28599348158695903,0.35694532873832857,0.5386639319313379,0.39386758075220846,FALSE
Noord-Brabant,Audiology,0.02299248603143403,0.4228531351449526,0.3831693149185923,0.1441719605469948,0.5306590649869529,0.14032285895586963,NA,NA,NA,0.27633831203165965,0.27171796149660576,NA,0.27402813676413273,TRUE
Noord-Brabant,Cardiology,0.687119737988959,0.5466692252977225,0.3831693149185923,0.14370532718875684,0.5337591528192996,0.14247450433867534,0.3917617424803675,0.6789707883215842,0.8557620537517602,0.5389860927350912,0.27331299478224397,0.642164861517904,0.4848213163450798,FALSE
Noord-Brabant,Cardiothoracic Surgery,0.01263070308813598,0.46412516519587593,0.3831693149185923,0.1441719605469948,0.5306590649869529,0.14032285895586963,0.47782805429864256,0.7105370283591682,0.989719815645423,0.28664172773420143,0.27171796149660576,0.7260282994344113,0.42812932955507277,FALSE
Noord-Brabant,Clinical Genetics,0.01551798252378271,0.3403090750431059,0.3831693149185923,0.1441719605469948,0.5306590649869529,0.1403228589558696,NA,NA,NA,0.24633212416182695,0.27171796149660576,NA,0.25902504282921635,TRUE
Noord-Brabant,Dermatology & Allergology,0.5017229789572097,0.3609450900685675,0.3831693149185923,0.1441719605469948,0.5306590649869529,0.1403228589558696,0.6218715437328255,0.732014944713513,0.7352000680474639,0.4152791279814565,0.27171796149660576,0.6963621854979342,0.46111975832533214,FALSE
Noord-Brabant,ENT,0.40184013710032945,0.3403090750431059,0.3831693149185923,0.1441719605469948,0.5306590649869529,0.14032285895586966,0.5754202511810473,0.35104736296370403,0.8691578299411266,0.3751061756873426,0.2717179614966058,0.5985418146952927,0.4151219839597471,FALSE
Noord-Brabant,Gastroenterology & Hepatology,0.30481921588856936,0.4022171201194909,0.3831693149185923,0.1441719605469948,0.5306590649869529,0.1403228589558696,0.6397468078140347,0.325457340262866,0.8557620537517602,0.36340188364221754,0.27171796149660576,0.6069887339428869,0.4140361930272367,FALSE
Noord-Brabant,General & Trauma Surgery,0.6880525792118938,0.38158110509402926,0.3831693149185923,0.1441719605469948,0.5306590649869529,0.14032285895586966,0.428480744815912,0.4044534347028518,0.547659201396336,0.48426766640817176,0.2717179614966058,0.46019779363836655,0.4053944738477147,FALSE
Noord-Brabant,Geriatrics & Elderly Care,0.07016617610813758,0.7530293755523392,0.3831693149185923,0.1441719605469948,0.5306590649869529,0.14032285895586963,0.7049910873440286,0.4415842069654418,0.8959493823198591,0.40212162219302305,0.27171796149660576,0.6808415588764433,0.4515603808553574,FALSE
Noord-Brabant,Gynecology & Obstetrics,0.4506947527204961,0.1752209548394126,0.3831693149185923,0.1441719605469948,0.5306590649869529,0.14032285895586963,0.6626739017491197,0.5160685493038177,0.8021789489942952,0.33636167415950036,0.27171796149660576,0.6603071333490775,0.42279558966839453,FALSE
Noord-Brabant,Internal Medicine,0.978023556347904,0.4228531351449526,0.3831693149185923,0.1441719605469948,0.5306590649869529,0.14032285895586963,0.5271822358346094,0.4404031804403845,0.8423662775623939,0.5946820021371496,0.27171796149660576,0.6033172312791293,0.48990573163762824,FALSE
Noord-Brabant,Neurology & Neurosurgery,0.45214880765585697,0.4847611802213376,0.3831693149185923,0.1441719605469948,0.5306590649869529,0.14032285895586963,0.6877951398632235,0.3041529321898845,0.74859584423683,0.4400264342652623,0.27171796149660576,0.5801813054299793,0.4306419003972824,FALSE
Noord-Brabant,Oncology & Radiotherapy,0.04265234122255738,0.4228531351449526,0.3831693149185923,0.1441719605469948,0.5306590649869529,0.1403228589558696,NA,NA,NA,0.28289159709536743,0.27171796149660576,NA,0.2773047792959866,TRUE
Noord-Brabant,Ophthalmology,0.6010130590855359,0.5053971952467993,0.3831693149185923,0.1441719605469948,0.5306590649869529,0.14032285895586963,0.6073706591070164,0.2692962558897759,0.7084085156687312,0.4965265230836424,0.27171796149660576,0.5283584768885078,0.432200987156252,FALSE
Noord-Brabant,Orthopedics,0.40702736826961006,0.5260332102722609,0.3831693149185923,0.1441719605469948,0.5306590649869529,0.14032285895586963,0.35951542609509274,0.34694898742856267,0.7218042918580975,0.4387432978201544,0.27171796149660576,0.4760895684605843,0.39551694259244813,FALSE
Noord-Brabant,Pain Management & Anaesthesiology,0.11718861911277306,0.4022171201194909,0.3831693149185923,0.1441719605469948,0.5306590649869529,0.14032285895586963,0.48148036708289454,0.48361584149189935,0.7753873966155626,0.30085835138361877,0.27171796149660576,0.5801612017301188,0.38424583820344776,FALSE
Noord-Brabant,Pediatrics,0.2785398106989699,0.0101328346357193,0.3831693149185923,0.1441719605469948,0.5306590649869529,0.1403228589558696,0.6012488128195284,0.3587975773025015,0.8423662775623939,0.22394732008442716,0.27171796149660576,0.6008042225614746,0.36548983471416924,FALSE
Noord-Brabant,Plastic & Reconstructive Surgery,0.12830573174532123,0.3403090750431059,0.3831693149185923,0.1441719605469948,0.5306590649869529,0.14032285895586963,0.34662298534530667,0.3519711479446434,0.7084085156687312,0.2839280405690065,0.27171796149660576,0.4690008829862271,0.34154896168394644,FALSE
Noord-Brabant,Psychiatry & Mental Health,0.00315421363553576,0.2990370449921826,0.3831693149185923,0.6982323450777199,0.16396886624004386,0.5717214848143338,0.6269349845201239,0.314406684377091,0.9629282632666905,0.22845352451543688,0.47797423204403255,0.6347566440546352,0.3532138782797347,TRUE
Noord-Brabant,Pulmonology,0.3614612443780611,0.46412516519587593,0.3831693149185923,0.1441719605469948,0.5306590649869529,0.14032285895586963,0.6120972770733735,0.3450511731733704,0.8825536061304927,0.4029185748308431,0.27171796149660576,0.6132340187924122,0.4292901850399537,FALSE
Noord-Brabant,Radiology & Interventional Radiology,1.7319724205044822e-4,0.38158110509402926,0.3831693149185923,0.1441719605469948,0.5306590649869529,0.1403228589558696,0.21045152121955943,0.27064759569935526,0.8155747251836614,0.2549745390848907,0.27171796149660576,0.43222461403419205,0.3196390382052295,FALSE
Noord-Brabant,Rehabilitation Medicine,0.1068037415566742,0.4228531351449526,0.3831693149185923,0.1441719605469948,0.5306590649869529,0.14032285895586963,0.23732251521298176,0.31957170530331025,0.8021789489942952,0.3042753972067397,0.27171796149660576,0.45302438983686244,0.3430059161800693,FALSE
Noord-Brabant,Rheumatology,0.16004406943126973,0.44348915017041424,0.3831693149185923,0.1441719605469948,0.5306590649869529,0.14032285895586963,0.6352941176470588,0.35469975838819023,0.8557620537517602,0.3289008448400921,0.27171796149660576,0.6152519765956698,0.40529026097745585,FALSE
Noord-Brabant,Sports Medicine & Other,0.01513443081707116,0.25776501494125925,0.3831693149185923,0.1441719605469948,0.5306590649869529,0.1403228589558696,NA,NA,NA,0.21868958689230755,0.27171796149660576,NA,0.24520377419445666,TRUE
Noord-Brabant,Urology,0.31376815193111185,0.46412516519587593,0.3831693149185923,0.1441719605469948,0.5306590649869529,0.14032285895586963,0.6727156605809678,0.4773013262164184,0.8289705013730277,0.3870208773485267,0.27171796149660576,0.6596624960568046,0.439467111633979,FALSE
Noord-Holland,Audiology,0.02273457959648897,0.4354332786975175,0.4491980841027838,0.17548033338997862,0.48941300403794485,0.1326919438441127,NA,NA,NA,0.3024553141322634,0.26586176042401205,NA,0.2841585372781377,TRUE
Noord-Holland,Cardiology,0.6807408702501684,0.5623944047384287,0.4491980841027838,0.17014989238955963,0.49741528836971766,0.1285654570308787,0.22188102032243576,0.2830556978632806,0.7898907316274583,0.564111119697127,0.2653768792633853,0.43160914993772487,0.4203657162994124,FALSE
Noord-Holland,Cardiothoracic Surgery,0.01246829653254059,0.4777536540444879,0.4491980841027838,0.17548033338997862,0.48941300403794485,0.13269194384411273,0.01680672268907563,0.2233373758438835,0.992656564192924,0.3131400115599374,0.26586176042401205,0.41093355424196104,0.3299784420753035,FALSE
Noord-Holland,Clinical Genetics,0.01532896521603569,0.3507925280035767,0.4491980841027838,0.17548033338997862,0.48941300403794485,0.1326919438441127,NA,NA,NA,0.2717731924407987,0.26586176042401205,NA,0.2688174764324054,TRUE
Noord-Holland,Dermatology & Allergology,0.4970528295168281,0.3719527156770619,0.4491980841027838,0.17548033338997862,0.48941300403794485,0.1326919438441127,0.29446625339133337,0.15603708495016388,0.5513426933151455,0.43940120976555797,0.26586176042401205,0.3339486772188809,0.34640388246948367,FALSE
Noord-Holland,ENT,0.3980905627577502,0.3507925280035767,0.4491980841027838,0.17548033338997862,0.48941300403794485,0.13269194384411276,0.4681265984654731,0.24940341436064817,0.7421811239649956,0.3993603916213702,0.26586176042401205,0.4865703789303723,0.3839308436585849,FALSE
Noord-Holland,Gastroenterology & Hepatology,0.30196383961217427,0.4142730910240323,0.4491980841027838,0.17548033338997862,0.48941300403794485,0.13269194384411273,0.5493878302494707,0.1874227614586112,0.8137455354586894,0.38847833824633016,0.26586176042401205,0.5168520423889237,0.3903973803530887,FALSE
Noord-Holland,General & Trauma Surgery,0.6816651138963418,0.3931129033505471,0.4491980841027838,0.17548033338997862,0.48941300403794485,0.13269194384411273,0.28596526112049375,0.17310220890261613,0.45592347799022026,0.5079920337832242,0.26586176042401205,0.30499698267111003,0.35961692562611547,FALSE
Noord-Holland,Geriatrics & Elderly Care,0.06947349105107153,0.7739962814732807,0.4491980841027838,0.17548033338997862,0.48941300403794485,0.13269194384411276,0.4173320635850854,0.11501801658767656,0.8853099469523833,0.4308892855423787,0.26586176042401205,0.4725533423750485,0.38976812944714645,FALSE
Noord-Holland,Gynecology & Obstetrics,0.44649490742330095,0.18151102661569507,0.4491980841027838,0.17548033338997862,0.48941300403794485,0.13269194384411273,0.48773264289688983,0.25661589812081803,0.6825441143869175,0.35906800604725997,0.26586176042401205,0.4756308851348751,0.36685355053538243,FALSE
Noord-Holland,Internal Medicine,0.9689635593374756,0.4354332786975175,0.4491980841027838,0.17548033338997862,0.48941300403794485,0.1326919438441127,0.4634391069860781,0.362386800119304,0.7779633297118426,0.6178649740459257,0.26586176042401205,0.5345964122724083,0.47277438224744867,FALSE
Noord-Holland,Neurology & Neurosurgery,0.4479355609902242,0.4989138417179731,0.4491980841027838,0.17548033338997862,0.48941300403794485,0.13269194384411273,0.5600163148384404,0.21886640565098436,0.7541085258806114,0.465349162270327,0.26586176042401205,0.5109970821233454,0.41406933493922815,FALSE
Noord-Holland,Oncology & Radiotherapy,0.04221323877056985,0.4354332786975175,0.4491980841027838,0.17548033338997862,0.48941300403794485,0.1326919438441127,NA,NA,NA,0.3089482005236237,0.26586176042401205,NA,0.2874049804738179,TRUE
Noord-Holland,Ophthalmology,0.5954277977648184,0.5200740293914583,0.4491980841027838,0.17548033338997862,0.48941300403794485,0.1326919438441127,0.6532550092540437,0.2889906093195018,0.6825441143869175,0.5215666370863535,0.26586176042401205,0.5415965776534877,0.44300832505461774,FALSE
Noord-Holland,Orthopedics,0.4032299855572226,0.5412342170649435,0.4491980841027838,0.17548033338997862,0.48941300403794485,0.13269194384411273,0.2801651009090679,0.2551115609782062,0.7183263201337644,0.46455409557498334,0.26586176042401205,0.41786766067367953,0.382761172224225,FALSE
Noord-Holland,Pain Management & Anaesthesiology,0.11606254940962409,0.4142730910240323,0.4491980841027838,0.17548033338997862,0.48941300403794485,0.13269194384411273,0.3822117236244127,0.20153626055958995,0.7541085258806114,0.3265112415121467,0.26586176042401205,0.44595217002153803,0.34610839065256566,FALSE
Noord-Holland,Pediatrics,0.27592663984597743,0.01222952522781345,0.4491980841027838,0.17548033338997862,0.48941300403794485,0.1326919438441127,0.5307411741980934,0.321486439588147,0.8137455354586894,0.2457847497255249,0.26586176042401205,0.5553243830816433,0.35565696441039335,FALSE
Noord-Holland,Plastic & Reconstructive Surgery,0.1270772006297942,0.3507925280035767,0.4491980841027838,0.17548033338997862,0.48941300403794485,0.13269194384411276,0.2626887607010325,0.2906731854796757,0.6586893105556862,0.3090226042453849,0.26586176042401205,0.4040170855787982,0.32630048341606505,FALSE
Noord-Holland,Psychiatry & Mental Health,0.00307914760852837,0.30847215265660627,0.4491980841027838,0.9423330634511496,0.4275941090494581,0.6494670286538587,0.6358131487889274,0.4076515346060427,0.9091647507836148,0.25358312812263945,0.6731314003848222,0.6508764780595283,0.4633572642537308,TRUE
Noord-Holland,Pulmonology,0.3580838240754141,0.4777536540444879,0.4491980841027838,0.17548033338997862,0.48941300403794485,0.13269194384411273,0.5332362046985977,0.27849889325502325,0.8376003392899208,0.42834518740756194,0.26586176042401205,0.5497784790811805,0.41466180897091814,FALSE
Noord-Holland,Radiology & Interventional Radiology,1.256058984517993e-4,0.3931129033505471,0.4491980841027838,0.17548033338997862,0.48941300403794485,0.13269194384411273,0.1503195840390937,0.15883690531007652,0.6825441143869175,0.2808121977839276,0.26586176042401205,0.33056686791202927,0.2924136087066563,FALSE
Noord-Holland,Rehabilitation Medicine,0.10577338458550344,0.4354332786975175,0.4491980841027838,0.17548033338997862,0.48941300403794485,0.13269194384411273,0.30971247453022416,0.33429165749213463,0.7183263201337644,0.3301349157952682,0.26586176042401205,0.45411015071870775,0.35003560897932934,FALSE
Noord-Holland,Rheumatology,0.1585230203739605,0.4565934663710027,0.4491980841027838,0.17548033338997862,0.48941300403794485,0.13269194384411276,0.6015126050420169,0.3129530052123411,0.8495277412055364,0.3547715236159157,0.26586176042401205,0.5879977838199648,0.4028770226199642,FALSE
Noord-Holland,Sports Medicine & Other,0.01494894853239071,0.2661517773096359,0.4491980841027838,0.17548033338997862,0.48941300403794485,0.13269194384411273,NA,NA,NA,0.24343293664827015,0.26586176042401205,NA,0.2546473485361411,TRUE
Noord-Holland,Urology,0.3108302973479381,0.4777536540444879,0.4491980841027838,0.17548033338997862,0.48941300403794485,0.13269194384411276,0.495171202809482,0.2125485182986577,0.7541085258806114,0.4125940118317366,0.26586176042401205,0.4872760823295837,0.38857728486177745,FALSE
Overijssel,Audiology,0.02274428004374206,0.4046096916348438,0.4567891886347461,0.18613375584407577,0.5135996765976775,0.2277013572661781,NA,NA,NA,0.29471438677111067,0.3091449299026438,NA,0.30192965833687724,TRUE
Overijssel,Cardiology,0.6809807939653244,0.5238649209100866,0.4567891886347461,0.18639489646122984,0.5147770126889579,0.23217503797360195,0.2318321842452692,0.35477565784896126,0.8076042434481069,0.5538783011700524,0.31111564904126326,0.46473736184744574,0.4432437706862538,FALSE
Overijssel,Cardiothoracic Surgery,0.01247440501225513,0.44436143472659145,0.4567891886347461,0.18613375584407577,0.5135996765976775,0.22770135726617816,0.4427807486631016,0.5324752756960034,0.926979743205849,0.3045416761245309,0.3091449299026438,0.6340785891883179,0.41592173173849756,FALSE
Overijssel,Clinical Genetics,0.01533607458662628,0.3251062054513486,0.4567891886347461,0.18613375584407577,0.5135996765976775,0.22770135726617804,NA,NA,NA,0.265743822890907,0.30914492990264375,NA,0.28744437639677534,TRUE
Overijssel,Dermatology & Allergology,0.4972284844527747,0.34498207699722244,0.4567891886347461,0.18613375584407577,0.5135996765976775,0.2277013572661781,0.48502911219332345,0.4617284605721233,0.7180726186298004,0.4329999166949144,0.3091449299026438,0.554943397131749,0.4323627479097691,FALSE
Overijssel,ENT,0.3982315927717532,0.3251062054513486,0.4567891886347461,0.18613375584407577,0.5135996765976775,0.2277013572661781,0.560994698308508,0.363366071754436,0.8374481183875424,0.3933756622859493,0.3091449299026438,0.5872696294834955,0.4299300738906962,FALSE
Overijssel,Gastroenterology & Hepatology,0.30207123680434905,0.38473382008896995,0.4567891886347461,0.18613375584407577,0.5135996765976775,0.2277013572661781,0.590053152601316,0.5412042352519414,0.7777603685086714,0.3811980818426884,0.3091449299026438,0.6363392521206429,0.4422274212886584,FALSE
Overijssel,General & Trauma Surgery,0.6819053609859023,0.3648579485430963,0.4567891886347461,0.18613375584407577,0.5135996765976775,0.2277013572661781,0.4485421838092548,0.5907325168092712,0.4196338692354453,0.5011841660545816,0.3091449299026438,0.4863028566179905,0.4322106508584053,FALSE
Overijssel,Geriatrics & Elderly Care,0.06949954451057715,0.7226236363688247,0.4567891886347461,0.18613375584407577,0.5135996765976775,0.2277013572661781,0.48303657976633846,0.1878976517377313,0.8672919933269778,0.41630412317138266,0.3091449299026438,0.5127420749436825,0.41273037600590295,FALSE
Overijssel,Gynecology & Obstetrics,0.44665287315139646,0.16609923308435823,0.4567891886347461,0.18613375584407577,0.5135996765976775,0.22770135726617807,0.7772238384374888,0.8225554001294472,0.747916493569236,0.35651376495683357,0.3091449299026438,0.7825652440453906,0.48274131296828937,FALSE
Overijssel,Internal Medicine,0.9693043264188846,0.4046096916348438,0.4567891886347461,0.18613375584407577,0.5135996765976775,0.22770135726617807,0.4392499357821732,0.3348949894798622,0.8076042434481069,0.6102344022294915,0.3091449299026438,0.5272497229033807,0.48220968501183864,FALSE
Overijssel,Neurology & Neurosurgery,0.4480940307742487,0.4642373062724653,0.4567891886347461,0.18613375584407577,0.5135996765976775,0.22770135726617807,0.8389689358889624,0.64774450861194,0.7777603685086714,0.4563735085604867,0.3091449299026438,0.7548246043365245,0.5067810142665516,FALSE
Overijssel,Oncology & Radiotherapy,0.04222975441189194,0.4046096916348438,0.4567891886347461,0.18613375584407577,0.5135996765976775,0.22770135726617807,NA,NA,NA,0.3012095448938273,0.3091449299026438,NA,0.30517723739823555,TRUE
Overijssel,Ophthalmology,0.5956378721386815,0.48411317781833896,0.4567891886347461,0.18613375584407577,0.5135996765976775,0.22770135726617804,0.8891758538277696,0.802484091394719,0.7180726186298004,0.5121800795305889,0.30914492990264375,0.8032441879507631,0.5415230657946652,FALSE
Overijssel,Orthopedics,0.40337281375268497,0.5039890493642127,0.4567891886347461,0.18613375584407577,0.5135996765976775,0.2277013572661781,0.3691399964241016,0.3383262501431355,0.7777603685086714,0.4547170172505479,0.3091449299026438,0.4950755383586361,0.4196458285039426,FALSE
Overijssel,Pain Management & Anaesthesiology,0.11610490345077482,0.38473382008896995,0.4567891886347461,0.18613375584407577,0.5135996765976775,0.22770135726617816,0.6445012787723786,0.6779830095914662,0.8076042434481069,0.3192093040581636,0.3091449299026438,0.7100295106039839,0.4461279148549305,FALSE
Overijssel,Pediatrics,0.27602492714163246,0.00709226071736785,0.4567891886347461,0.18613375584407577,0.5135996765976775,0.2277013572661781,0.4871802735692818,0.26427550560011254,0.8076042434481069,0.2466354588312488,0.3091449299026438,0.5196866742058338,0.3584890209799088,FALSE
Overijssel,Plastic & Reconstructive Surgery,0.12712340847756462,0.3251062054513486,0.4567891886347461,0.18613375584407577,0.5135996765976775,0.22770135726617816,0.24207592172188855,0.2988196039784355,0.5390093689931873,0.3030062675212198,0.3091449299026438,0.35996829823117044,0.32403983188501134,FALSE
Overijssel,Psychiatry & Mental Health,0.00308197101243312,0.28535446235960105,0.4567891886347461,0.8471978036149466,0.12168992427906954,0.815914840617883,0.5967914438502674,0.36708099000565814,0.926979743205849,0.24840854066892679,0.5949341895039664,0.6302840590205915,0.4216713650864466,TRUE
Overijssel,Pulmonology,0.35821085653004964,0.44436143472659145,0.4567891886347461,0.18613375584407577,0.5135996765976775,0.22770135726617807,0.6848022485444689,0.4547551641305919,0.8672919933269778,0.41978715996379573,0.3091449299026438,0.6689498020006795,0.4659606306223731,FALSE
Overijssel,Radiology & Interventional Radiology,1.2739591706215653e-4,0.3648579485430963,0.4567891886347461,0.18613375584407577,0.5135996765976775,0.2277013572661781,0.2824293250371973,0.4526095140446587,0.7777603685086714,0.27392484436496817,0.3091449299026438,0.5042664025301759,0.36244539226592926,FALSE
Overijssel,Rehabilitation Medicine,0.10581213865324449,0.4046096916348438,0.4567891886347461,0.18613375584407577,0.5135996765976775,0.2277013572661781,0.32719613044156654,0.4077894194731176,0.6583848687509294,0.32240367297427813,0.3091449299026438,0.4644568062218712,0.3653351363662644,FALSE
Overijssel,Rheumatology,0.15858023048642997,0.4244855631807176,0.4567891886347461,0.18613375584407577,0.5135996765976775,0.22770135726617807,0.8328414051132821,0.7227975582689241,0.8076042434481069,0.34661832743396453,0.3091449299026438,0.7877477356101044,0.48117033098223755,FALSE
Overijssel,Sports Medicine & Other,0.01495592494272848,0.24560271926785343,0.4567891886347461,0.18613375584407577,0.5135996765976775,0.22770135726617807,NA,NA,NA,0.239115944281776,0.3091449299026438,NA,0.2741304370922099,TRUE
Overijssel,Urology,0.3109407967367084,0.44436143472659145,0.4567891886347461,0.18613375584407577,0.5135996765976775,0.2277013572661781,0.7955053581065454,0.5771811538345443,0.8672919933269778,0.40403047336601533,0.3091449299026438,0.7466595017560226,0.48661163500822724,FALSE
Utrecht,Audiology,0.02243025320738158,0.3881709991816728,0.5974088435224165,0.16424514938504942,0.22010965808601077,0.17639345150826768,NA,NA,NA,0.33600336530382363,0.18691608632644263,NA,0.2614597258151331,TRUE
Utrecht,Cardiology,0.6732138855669317,0.5033165553436229,0.5974088435224165,0.15802979738514775,0.2320157241291789,0.16831515810039838,0.3719253838111484,0.4752940511765164,0.813909065520209,0.5913130948109904,0.18612022653824167,0.5537095001692913,0.44371427383950773,FALSE
Utrecht,Cardiothoracic Surgery,0.012276658814613,0.42655285123565617,0.5974088435224165,0.16424514938504942,0.22010965808601077,0.17639345150826774,0.18198529411764705,0.5211725277242204,0.9658607923981688,0.3454127845242286,0.18691608632644266,0.5563395380800121,0.3628894696435611,FALSE
Utrecht,Clinical Genetics,0.01510592714117066,0.3114072950737061,0.5974088435224165,0.16424514938504942,0.22010965808601077,0.17639345150826768,NA,NA,NA,0.3079740219124311,0.18691608632644263,NA,0.24744505411943687,TRUE
Utrecht,Dermatology & Allergology,0.4915421111972716,0.3305982211006978,0.5974088435224165,0.16424514938504942,0.22010965808601077,0.17639345150826768,0.38995240142943993,0.2732665039711328,0.6872826264552424,0.4731830586067953,0.18691608632644263,0.4501671772852717,0.3700887740728365,FALSE
Utrecht,ENT,0.3936661116167387,0.3114072950737061,0.5974088435224165,0.16424514938504942,0.22010965808601077,0.17639345150826782,0.5489189626354667,0.3655101468881971,0.813909065520209,0.43416075007095384,0.18691608632644266,0.5761127250146243,0.39906318713734024,FALSE
Utrecht,Gastroenterology & Hepatology,0.2985945310800962,0.3689800731546811,0.5974088435224165,0.16424514938504942,0.22010965808601077,0.17639345150826774,0.5819541049305409,0.648226430443883,0.813909065520209,0.421661149252398,0.18691608632644266,0.681363200298211,0.42998014529235057,FALSE
Utrecht,General & Trauma Surgery,0.6741279841793391,0.3497891471276895,0.5974088435224165,0.16424514938504942,0.22010965808601077,0.17639345150826777,0.44707110401571903,0.3497271169687654,0.3580538848863294,0.540441991609815,0.18691608632644266,0.384950701956938,0.3707695932977319,FALSE
Utrecht,Geriatrics & Elderly Care,0.06865613128937943,0.6952258156135396,0.5974088435224165,0.16424514938504942,0.22010965808601077,0.17639345150826782,0.7125668449197862,0.4755520093685431,0.9152102167721822,0.4537635968084452,0.18691608632644266,0.7011096903535038,0.44726312449613054,FALSE
Utrecht,Gynecology & Obstetrics,0.44153914214983175,0.15787988685777274,0.5974088435224165,0.16424514938504942,0.22010965808601077,0.17639345150826774,0.7384440227703984,0.4560823901853572,0.7885837777072157,0.39894262417667364,0.18691608632644266,0.6610367302209904,0.4156318135747023,FALSE
Utrecht,Internal Medicine,0.9582728754229978,0.3881709991816728,0.5974088435224165,0.16424514938504942,0.22010965808601077,0.17639345150826774,0.6199550242632264,0.4799810046055163,0.813909065520209,0.6479509060423624,0.18691608632644266,0.6379483647963172,0.490938452388374,FALSE
Utrecht,Neurology & Neurosurgery,0.4429639822684917,0.44574377726264786,0.5974088435224165,0.16424514938504942,0.22010965808601077,0.17639345150826777,0.6265376873182733,0.22685276287893083,0.7632584898942224,0.495372201017852,0.18691608632644266,0.5388829800304755,0.40705708912492344,FALSE
Utrecht,Oncology & Radiotherapy,0.04169510333246017,0.3881709991816728,0.5974088435224165,0.16424514938504942,0.22010965808601077,0.17639345150826777,NA,NA,NA,0.3424249820121832,0.18691608632644266,NA,0.2646705341693129,TRUE
Utrecht,Ophthalmology,0.5888372587954542,0.46493470328963954,0.5974088435224165,0.16424514938504942,0.22010965808601077,0.17639345150826774,0.412617220801364,0.1917996152505923,0.6113067630162624,0.5503936018691701,0.18691608632644266,0.40524119968940625,0.380850295961673,FALSE
Utrecht,Orthopedics,0.3987491211337899,0.4841256293166312,0.5974088435224165,0.16424514938504942,0.22010965808601077,0.17639345150826774,0.2577597918774389,0.2435936005914033,0.7632584898942224,0.4934278646576125,0.18691608632644266,0.4215372941210216,0.36729374836835893,FALSE
Utrecht,Pain Management & Anaesthesiology,0.11473380114975394,0.3689800731546811,0.5974088435224165,0.16424514938504942,0.22010965808601077,0.17639345150826774,0.2630198576245785,0.1495028254718291,0.7632584898942224,0.36037423927561724,0.18691608632644266,0.39192705766354335,0.3130724610885344,FALSE
Utrecht,Pediatrics,0.27284313070444993,0.00435247864183934,0.5974088435224165,0.16424514938504942,0.22010965808601077,0.17639345150826768,0.6084284460052678,0.2968400882805934,0.8392343533332023,0.29153481762290195,0.18691608632644263,0.5815009625396877,0.35331728882967744,FALSE
Utrecht,Plastic & Reconstructive Surgery,0.12562754917625812,0.3114072950737061,0.5974088435224165,0.16424514938504942,0.22010965808601077,0.17639345150826777,0.2150534564711592,0.21562782480047463,0.5606561873902759,0.3448145625907936,0.18691608632644266,0.33044582288730323,0.28739215726817985,FALSE
Utrecht,Psychiatry & Mental Health,0.00299057062925035,0.27302544301972276,0.5974088435224165,1,0.09854541344020706,1,0.5481852315394242,0.33717737138301074,0.9152102167721822,0.2911416190571299,0.6995151378134024,0.6001909398982057,0.4953283784352661,TRUE
Utrecht,Pulmonology,0.35409851007802795,0.42655285123565617,0.5974088435224165,0.16424514938504942,0.22010965808601077,0.17639345150826774,0.7369539237817023,0.5124369548532584,0.8898849289591889,0.45935340161203353,0.18691608632644266,0.7130919358647166,0.45312047460106425,FALSE
Utrecht,Radiology & Interventional Radiology,6.94487042614676e-5,0.3497891471276895,0.5974088435224165,0.16424514938504942,0.22010965808601077,0.17639345150826774,0.36836874733803415,0.9055410379667268,0.737933202081229,0.31575581311812245,0.18691608632644266,0.6706143291286634,0.39109540952440947,FALSE
Utrecht,Rehabilitation Medicine,0.10455757616027042,0.3881709991816728,0.5974088435224165,0.16424514938504942,0.22010965808601077,0.17639345150826777,0.1645230789319057,0.20440601395122993,0.6872826264552424,0.36337913962145324,0.18691608632644266,0.35207057311279266,0.3007885996868962,FALSE
Utrecht,Rheumatology,0.15672820138324894,0.4073619252086645,0.5974088435224165,0.16424514938504942,0.22010965808601077,0.17639345150826774,0.7803818097159708,0.6048629613880148,0.8898849289591889,0.3871663233714433,0.18691608632644266,0.7583765666877249,0.444152992128537,FALSE
Utrecht,Sports Medicine & Other,0.0147300817408265,0.23464359096573945,0.5974088435224165,0.16424514938504942,0.22010965808601077,0.17639345150826774,NA,NA,NA,0.2822608387429942,0.18691608632644266,NA,0.23458846253471843,TRUE
Utrecht,Urology,0.30736366543853927,0.42655285123565617,0.5974088435224165,0.16424514938504942,0.22010965808601077,0.17639345150826774,0.6198632010943913,0.3277094990041832,0.813909065520209,0.4437751200655373,0.18691608632644266,0.5871605885395945,0.40595059831052477,FALSE
Zeeland,Audiology,0.02338210168439519,0.36937416161234793,0.01802616988892479,0.27196894084964107,0.8702739933440969,0.3067676740871885,NA,NA,NA,0.13692747772855599,0.48300353609364216,NA,0.3099655069110991,TRUE
Zeeland,Cardiology,0.6967562044839927,0.4798205083819667,0.01802616988892479,0.27222734557508627,0.8707791506161517,0.3122970112488832,0.05578747628083491,0.0339281096300446,0.65325648155776606,0.39820096091829477,0.4851011691467071,0.24765735582288184,0.37698649529596123,FALSE
Zeeland,Cardiothoracic Surgery,0.01287604840577782,0.4061896105355542,0.01802616988892479,0.27196894084964107,0.8702739933440969,0.3067676740871885,NA,NA,NA,0.14569727627675227,0.48300353609364216,NA,0.3143504061851972,TRUE
Zeeland,Clinical Genetics,0.01580352833342681,0.29574326376593535,0.01802616988892479,0.27196894084964107,0.8702739933440969,0.30676767408718847,NA,NA,NA,0.10985765399609565,0.48300353609364216,NA,0.2964305950448689,TRUE
Zeeland,Dermatology & Allergology,0.5087781085588737,0.3141509882275385,0.01802616988892479,0.27196894084964107,0.8702739933440969,0.30676767408718847,0.6923076923076923,0.6657722405380481,0.7440702031743635,0.28031842222511233,0.48300353609364216,0.7007167120067012,0.4880128901084852,FALSE
Zeeland,ENT,0.4075045667456063,0.29574326376593535,0.01802616988892479,0.27196894084964107,0.8702739933440969,0.3067676740871885,0.5732372419166343,0.30234096277175715,0.8348839247909607,0.2404246668001555,0.48300353609364216,0.5701540431597841,0.4311940820178606,FALSE
Zeeland,Gastroenterology & Hepatology,0.30913279299111235,0.35096643715074477,0.01802616988892479,0.27196894084964107,0.8702739933440969,0.3067676740871885,0.6517525144772935,0.3705541880445307,0.8348839247909607,0.22604180001026064,0.48300353609364216,0.619063542437595,0.4427029595138326,FALSE
Zeeland,General & Trauma Surgery,0.6977020339461881,0.33255871268914167,0.01802616988892479,0.27196894084964107,0.8702739933440969,0.3067676740871885,0.5929922964961483,0.4657548295138289,0.5624427599411687,0.3494289721747515,0.48300353609364216,0.540396628650382,0.4576097123062586,FALSE
Zeeland,Geriatrics & Elderly Care,0.071212605759506,0.6638977529979981,0.01802616988892479,0.27196894084964107,0.8702739933440969,0.30676767408718864,0.7016300496102056,0.5354533472443632,0.8348839247909607,0.2510455095488096,0.48300353609364216,0.6906557738818432,0.47490160650809826,FALSE
Zeeland,Gynecology & Obstetrics,0.45703940041473107,0.14848146807311027,0.01802616988892479,0.27196894084964107,0.8702739933440969,0.30676767408718847,0.7305322128851541,0.3605065776618622,0.8348839247909607,0.2078490127922554,0.48300353609364216,0.6419742384459924,0.44427559577729664,FALSE
Zeeland,Internal Medicine,0.9917103674264888,0.36937416161234793,0.01802616988892479,0.27196894084964107,0.8702739933440969,0.30676767408718847,0.6680131279979803,0.40202936255528177,0.8348839247909607,0.45970356630925385,0.48300353609364216,0.6349754717814076,0.5258941913947678,FALSE
Zeeland,Neurology & Neurosurgery,0.45851370061041485,0.42459733499715735,0.01802616988892479,0.27196894084964107,0.8702739933440969,0.3067676740871885,0.9250604351329572,0.4651940310227049,0.8348839247909607,0.30037906849883234,0.48300353609364216,0.7417127969822076,0.5083651338582275,FALSE
Zeeland,Oncology & Radiotherapy,0.04331568717041795,0.36937416161234793,0.01802616988892479,0.27196894084964107,0.8702739933440969,0.30676767408718847,NA,NA,NA,0.1435720062238969,0.48300353609364216,NA,0.31328777115876955,TRUE
Zeeland,Ophthalmology,0.6094506354371834,0.44300505945876045,0.01802616988892479,0.27196894084964107,0.8702739933440969,0.30676767408718847,0.4646579165394846,0.45185891167483777,0.5624427599411687,0.35682728826162285,0.48300353609364216,0.4929865293851637,0.44427245124680953,FALSE
Zeeland,Orthopedics,0.4127640213521336,0.4614127839203635,0.01802616988892479,0.27196894084964107,0.8702739933440969,0.3067676740871885,0.48590516539025586,0.5368941951580056,0.8348839247909607,0.29740099172047396,0.48300353609364216,0.6192277617797407,0.46654409653128565,FALSE
Zeeland,Pain Management & Anaesthesiology,0.11888975690239678,0.35096643715074477,0.01802616988892479,0.27196894084964107,0.8702739933440969,0.3067676740871885,0.5563725490196078,0.6751328019724858,0.65325648155776606,0.16262745464735545,0.48300353609364216,0.6282539441832865,0.424628311641428,FALSE
Zeeland,Pediatrics,0.28248749144762836,0.00121967238028519,0.01802616988892479,0.27196894084964107,0.8702739933440969,0.30676767408718847,0.6392365456821026,0.8036618748387087,0.8348839247909607,0.10057777790561279,0.48300353609364216,0.7592607817705908,0.4476140319232819,FALSE
Zeeland,Plastic & Reconstructive Surgery,0.13016165656108292,0.29574326376593535,0.01802616988892479,0.27196894084964107,0.8702739933440969,0.30676767408718864,0.6220084992171774,0.7887985764544654,0.65325648155776606,0.14797703007198101,0.48300353609364216,0.6880211857431363,0.4396672506362531,FALSE
Zeeland,Psychiatry & Mental Health,0.00326761483521469,0.2589278148427291,0.01802616988892479,0.845803366415066,0.6202047601756617,0.6376995744388213,NA,NA,NA,0.09340719985562286,0.7012359003431831,NA,0.39732155009940295,TRUE
Zeeland,Pulmonology,0.366563466107505,0.4061896105355542,0.01802616988892479,0.27196894084964107,0.8702739933440969,0.3067676740871885,0.2615546218487395,0.09069747979868906,0.8348839247909607,0.263593082177328,0.48300353609364216,0.3957120088127965,0.3807695423612556,FALSE
Zeeland,Radiology & Interventional Radiology,2.450928208305462e-4,0.33255871268914167,0.01802616988892479,0.27196894084964107,0.8702739933440969,0.3067676740871885,0.3113342898134864,0.44988760505674386,0.7440702031743635,0.11694332513296568,0.48300353609364216,0.5017640326815312,0.36723696463604644,FALSE
Zeeland,Rehabilitation Medicine,0.10836028745748236,0.36937416161234793,0.01802616988892479,0.27196894084964107,0.8702739933440969,0.3067676740871885,0.10698300110064816,0.08557894513937139,0.65325648155776606,0.16525353965291836,0.48300353609364216,0.2819394759325952,0.31006551722638526,FALSE
Zeeland,Rheumatology,0.16234189702047172,0.38778188607395103,0.01802616988892479,0.27196894084964107,0.8702739933440969,0.3067676740871885,0.3123148539991536,0.1662075232990985,0.7440702031743635,0.18938331766111585,0.48300353609364216,0.4075308601575385,0.3599725713040988,FALSE
Zeeland,Sports Medicine & Other,0.01541463631668926,0.22211236591952285,0.01802616988892479,0.27196894084964107,0.8702739933440969,0.3067676740871885,NA,NA,NA,0.08518439070837897,0.48300353609364216,NA,0.28409396340101056,TRUE
Zeeland,Urology,0.31820632786096803,0.4061896105355542,0.01802616988892479,0.27196894084964107,0.8702739933440969,0.3067676740871885,0.691661279896574,0.33471393237768543,0.8348839247909607,0.24747403609514898,0.48300353609364216,0.6204197123550733,0.45029909484795483,FALSE
Zuid-Holland,Audiology,0.02257650463197517,0.36205612733063675,0.58090255753749,0.11955793445705178,0.2790406572878098,0.10048224246895598,NA,NA,NA,0.32184506316670064,0.16636027807127252,NA,0.24410267061898658,TRUE
Zuid-Holland,Cardiology,0.6768311605460958,0.4706729655298278,0.58090255753749,0.1141810823662832,0.29080371795753834,0.09532809026176768,0.4196132652853744,0.5251077782896213,0.822530132140552,0.5761355612044712,0.16677096352852974,0.5890837252385159,0.4439967499905056,FALSE
Zuid-Holland,Cardiothoracic Surgery,0.01236875496616588,0.3982617400637004,0.58090255753749,0.11955793445705178,0.2790406572878098,0.10048224246895598,0.11048593350383631,0.40904581612856267,0.9887997628979264,0.3305110175224521,0.16636027807127252,0.5027771708434418,0.3332161554790554,FALSE
Zuid-Holland,Clinical Genetics,0.01521311349554268,0.2896449018645094,0.58090255753749,0.11955793445705178,0.2790406572878098,0.10048224246895594,NA,NA,NA,0.29525352429918067,0.1663602780712725,NA,0.23080690118522657,TRUE
Zuid-Holland,Dermatology & Allergology,0.494190420491556,0.30774770823104125,0.58090255753749,0.11955793445705178,0.2790406572878098,0.10048224246895598,0.4687587507233931,0.4455226967427,0.6747349048006638,0.4609468954200291,0.16636027807127252,0.5296721174222524,0.3856597636378513,FALSE
Zuid-Holland,ENT,0.39579238888213,0.2896449018645094,0.58090255753749,0.11955793445705178,0.2790406572878098,0.10048224246895598,0.5829529057355262,0.4188371254713415,0.7763441235968369,0.4221132827613765,0.16636027807127252,0.5927113849345682,0.3937283152557391,FALSE
Zuid-Holland,Gastroenterology & Hepatology,0.30021373398312756,0.3439533209641049,0.58090255753749,0.11955793445705178,0.2790406572878098,0.10048224246895598,0.8077490538200013,0.7581370142617445,0.8410045355580382,0.40835653749490747,0.16636027807127252,0.802296867879928,0.45900456114870264,FALSE
Zuid-Holland,General & Trauma Surgery,0.6777501346004428,0.3258505145975731,0.58090255753749,0.11955793445705178,0.2790406572878098,0.10048224246895604,0.44140962743478895,0.4508156245853936,0.5916000894219766,0.5281677355785019,0.16636027807127254,0.4946084471473864,0.3963788202657203,FALSE
Zuid-Holland,Geriatrics & Elderly Care,0.06904893333951898,0.6517010291951462,0.58090255753749,0.11955793445705178,0.2790406572878098,0.10048224246895598,0.637284521059179,0.3710645622464198,0.8779533423930103,0.43388417335738505,0.16636027807127252,0.6287674752328697,0.40967064222050914,FALSE
Zuid-Holland,Gynecology & Obstetrics,0.44392075530313785,0.1448224509322547,0.58090255753749,0.11955793445705178,0.2790406572878098,0.10048224246895594,0.7122552003150622,0.42260346165478174,0.7948185270143231,0.3898819212576275,0.1663602780712725,0.643225729661389,0.399822642996763,FALSE
Zuid-Holland,Internal Medicine,0.963410542770736,0.36205612733063675,0.58090255753749,0.11955793445705178,0.2790406572878098,0.10048224246895598,0.6637672950885993,0.7012713919696559,0.8317673338492951,0.6354564092129542,0.16636027807127252,0.7322686736358501,0.511361786973359,FALSE
Zuid-Holland,Neurology & Neurosurgery,0.4453531949577534,0.41636454643023224,0.58090255753749,0.11955793445705178,0.2790406572878098,0.10048224246895598,0.7107572310692233,0.3673547138416981,0.7948185270143231,0.48087343297515855,0.16636027807127252,0.6243101573084148,0.4238479561182819,FALSE
Zuid-Holland,Oncology & Radiotherapy,0.04194410587929229,0.36205612733063675,0.58090255753749,0.11955793445705178,0.2790406572878098,0.10048224246895598,NA,NA,NA,0.3283009302491397,0.16636027807127252,NA,0.2473306041602061,TRUE
Zuid-Holland,Ophthalmology,0.5920045020829527,0.4344673527967641,0.58090255753749,0.11955793445705178,0.2790406572878098,0.10048224246895598,0.6188159102322118,0.3441481636971269,0.748632518470608,0.5357914708057355,0.16636027807127252,0.570532197466649,0.4242279821145523,FALSE
Zuid-Holland,Orthopedics,0.40090250916977294,0.452570159163296,0.58090255753749,0.11955793445705178,0.2790406572878098,0.10048224246895598,0.3851123595505618,0.3425612195123572,0.748632518470608,0.4781250752901863,0.16636027807127252,0.4921020325111756,0.37886246195754475,FALSE
Zuid-Holland,Pain Management & Anaesthesiology,0.1153723633411638,0.3439533209641049,0.58090255753749,0.11955793445705178,0.2790406572878098,0.10048224246895598,0.5335780180537646,0.44926371924926095,0.7948185270143231,0.34674274728091953,0.16636027807127252,0.5925534214391163,0.36855214893043603,FALSE
Zuid-Holland,Pediatrics,0.2743249857812261,0,0.58090255753749,0.11955793445705178,0.2790406572878098,0.10048224246895598,0.749228584023118,0.6084443971719412,0.8410045355580382,0.28507584777290534,0.16636027807127252,0.7328925055843657,0.39477621047618117,FALSE
Zuid-Holland,Plastic & Reconstructive Surgery,0.12632421432864818,0.2896449018645094,0.58090255753749,0.11955793445705178,0.2790406572878098,0.10048224246895598,0.31955309677140514,0.3151161800756135,0.7116837116356358,0.33229055791021583,0.16636027807127252,0.44878432949421815,0.3158117218252355,FALSE
Zuid-Holland,Psychiatry & Mental Health,0.00303313844416644,0.2534392891314457,0.58090255753749,0.7759460537933809,0.04041874270834573,0.5776120848938653,0.40079760717846463,0.3585882726855977,0.9703253594804404,0.27912499503770066,0.46465896046519733,0.5765704131148343,0.371891977751449,TRUE
Zuid-Holland,Pulmonology,0.356013749342293,0.3982617400637004,0.58090255753749,0.11955793445705178,0.2790406572878098,0.10048224246895594,0.7425552966710287,0.5717139529733801,0.8502417372667811,0.4450593489811611,0.1663602780712725,0.72150366230373,0.44430776311872117,FALSE
Zuid-Holland,Radiology & Interventional Radiology,9.64364054450693e-5,0.3258505145975731,0.58090255753749,0.11955793445705178,0.2790406572878098,0.10048224246895598,0.24769650201007348,0.3699043515101291,0.8132929304318091,0.3022831695135027,0.16636027807127252,0.4769645946506706,0.3152026807451486,FALSE
Zuid-Holland,Rehabilitation Medicine,0.10514186237595076,0.36205612733063675,0.58090255753749,0.11955793445705178,0.2790406572878098,0.10048224246895598,0.43337677251203177,0.4776477629730414,0.8040557287230661,0.3493668490813591,0.16636027807127252,0.5716934214027131,0.36247351618511486,FALSE
Zuid-Holland,Rheumatology,0.15759074516411892,0.3801589336971686,0.58090255753749,0.11955793445705178,0.2790406572878098,0.10048224246895598,0.7110323794218091,0.419436050540014,0.8594789389755242,0.37288407879959246,0.16636027807127252,0.6633157896457824,0.4008533821722158,FALSE
Zuid-Holland,Sports Medicine & Other,0.01483526348387672,0.21723367639838204,0.58090255753749,0.11955793445705178,0.2790406572878098,0.10048224246895594,NA,NA,NA,0.27099049913991624,0.1663602780712725,NA,0.21867538860559438,TRUE
Zuid-Holland,Urology,0.30902963945012013,0.3982617400637004,0.58090255753749,0.11955793445705178,0.2790406572878098,0.10048224246895598,0.6733250042507892,0.5094886214603203,0.822530132140552,0.42939797901710347,0.16636027807127252,0.6684479192838871,0.4214020587907544,FALSE
